{
  "run_date": "2026-04-15",
  "seed_power_w": 200000000.0,
  "photon_energy_kev": 9.8,
  "resonant_k0": 1.4609796562635262,
  "no_taper_final_power_gw": 18.841341390557055,
  "warm_start_final_power_gw": 88.27135081590292,
  "best_iter": 41,
  "best_final_power_gw": 173.41594971461998,
  "best_power_ratio": 9.204012926676917,
  "best_energy_ratio": 9.204012926676917,
  "min_k": 1.3731380750693072,
  "max_k": 1.4609804160866542,
  "best_theta": [
    0.0015336762577231136,
    0.0007534935958889895,
    -0.002600174168952052,
    0.005948477081622671,
    0.023073568072836025,
    0.03231524673805825,
    0.0240465963316055,
    0.023293122258972662,
    0.03763974917187343,
    0.046357597843599774,
    0.07168525596290848,
    0.03498068611966032,
    0.018129595559563772,
    0.031054879445366564,
    0.026869971773518696,
    0.02245466981724642,
    0.03591362912585408,
    0.06329796598355153,
    0.0650968640772468,
    0.10013433404293372,
    0.11984167355766959,
    0.1392314763622735,
    0.1601620127391777,
    0.17946819345069015,
    0.20084026427688798,
    0.22802198569940563,
    0.2463980239116314,
    0.279717307454877,
    0.3202957009395272,
    0.349640736819493,
    0.40933004712662796,
    0.4715492188976323
  ],
  "best_start_frac": 0.0,
  "n_piecewise_knots": 32
}