{
  "run_date": "2026-04-15",
  "seed_power_w": 200000000.0,
  "photon_energy_kev": 9.8,
  "resonant_k0": 1.4609796562635262,
  "no_taper_final_power_gw": 18.841341390557055,
  "warm_start_final_power_gw": 95.0142510871666,
  "best_iter": 20,
  "best_final_power_gw": 118.59660436953565,
  "best_power_ratio": 6.294488375916492,
  "best_energy_ratio": 6.294488375916492,
  "min_k": 1.4093422622659935,
  "max_k": 1.4609796562635262,
  "best_theta": [
    0.0008616548579324943,
    0.045974984172508844,
    0.07268613326341686,
    0.03694012662758993,
    0.04885672631141656,
    0.09264853323842884,
    0.1711504524105699,
    0.2184276298585991,
    0.28246005011538494,
    0.36054897699464045,
    0.4192707687859442,
    0.43873935047352863
  ],
  "best_start_frac": 0.0,
  "n_piecewise_knots": 12
}