{
  "run_date": "2026-04-14",
  "seed_power_w": 1000000.0,
  "photon_energy_kev": 9.8,
  "resonant_k0": 1.4609796562635262,
  "no_taper_final_power_gw": 12.796357784304272,
  "best_iter": 40,
  "best_final_power_gw": 14.86354131509789,
  "best_power_ratio": 1.1615446805753729,
  "best_energy_ratio": 1.1615446805753724,
  "min_k": 1.457225231730824,
  "max_k": 1.4609796562635262,
  "best_theta": [
    0.41877723043798554,
    0.02553498890419029,
    0.27326081616539416
  ]
}