{
  "run_date": "2026-04-15",
  "seed_power_w": 200000000.0,
  "photon_energy_kev": 9.8,
  "resonant_k0": 1.4609796562635262,
  "no_taper_final_power_gw": 18.841341390557055,
  "warm_start_final_power_gw": 99.740075223909,
  "best_iter": 41,
  "best_final_power_gw": 162.3178985279913,
  "best_power_ratio": 8.614986330503099,
  "best_energy_ratio": 8.614986330503099,
  "min_k": 1.3859422540647877,
  "max_k": 1.4611043941052084,
  "best_theta": [
    -0.0036455344938562304,
    -0.0024261520966734488,
    0.0008927348379592825,
    0.028994696894703357,
    0.03668640866845844,
    0.04543204415462223,
    0.0546217397969984,
    0.030268550742876245,
    0.005448468596415966,
    -0.0001430762635599991,
    0.03586436009489596,
    0.09156913294407273,
    0.07633541506303,
    0.12542679784376135,
    0.12421488572590243,
    0.11798010471985672,
    0.19101270917971888,
    0.20049321136580237,
    0.2624506492429177,
    0.27033566114650387,
    0.3248301823958067,
    0.35823343399653607,
    0.4150518142407511,
    0.4181019296374395
  ],
  "best_start_frac": 0.0,
  "n_piecewise_knots": 24
}