{
  "run_date": "2026-04-14",
  "seed_power_w": 2000000000.0,
  "photon_energy_kev": 9.8,
  "resonant_k0": 1.4609796562635262,
  "no_taper_final_power_gw": 18.815982875814495,
  "best_iter": 9,
  "best_final_power_gw": 23.218091713999772,
  "best_power_ratio": 1.2339558271943165,
  "best_energy_ratio": 1.2339558271943165,
  "min_k": 1.4581820485271062,
  "max_k": 1.4609796562635262,
  "best_theta": [
    -0.9687816389181425,
    0.008240294730149006,
    0.006499054330679229
  ]
}