{
  "run_date": "2026-04-14",
  "seed_power_w": 1000000.0,
  "photon_energy_kev": 9.8,
  "resonant_k0": 1.4609796562635262,
  "no_taper_final_power_gw": 12.796357784304272,
  "n_shape_ctrl": 8,
  "best_iter": 1,
  "best_final_power_gw": 137.8358657581673,
  "best_power_ratio": 10.771492019958501,
  "best_energy_ratio": 10.771492019958497,
  "min_k": 1.3942198384772477,
  "max_k": 1.4609796562635262,
  "best_theta": [
    -0.013727496424356271,
    0.37960124398296907,
    -3.044147840737067,
    -2.6629721334270906,
    -2.387659645432095,
    -2.172011960569373,
    -1.9947190467580458,
    -1.8441758000632213,
    -1.7133585482016844,
    -1.597691615651169
  ]
}