{
  "run_date": "2026-04-15",
  "seed_power_w": 200000000.0,
  "photon_energy_kev": 9.8,
  "resonant_k0": 1.4609796562635262,
  "no_taper_final_power_gw": 18.841341390557055,
  "warm_start_final_power_gw": 52.347969943949465,
  "best_iter": 42,
  "best_final_power_gw": 95.01425108716832,
  "best_power_ratio": 5.042860225163574,
  "best_energy_ratio": 5.042860225163574,
  "min_k": 1.4122412466281735,
  "max_k": 1.4609796562635262,
  "best_theta": [
    -1.0988722256129673,
    0.11870098471082532,
    0.09772851803298963,
    0.15424926429754354,
    0.39974105504613244,
    0.5528125145209842,
    0.6651626015803851
  ],
  "best_start_frac": 0.0749853794970363,
  "n_piecewise_knots": 6
}