{
  "run_date": "2026-04-15",
  "seed_power_w": 200000000.0,
  "photon_energy_kev": 9.8,
  "resonant_k0": 1.4609796562635262,
  "no_taper_final_power_gw": 18.841341390557055,
  "warm_start_final_power_gw": 95.0142510871666,
  "best_iter": 27,
  "best_final_power_gw": 141.8034665519729,
  "best_power_ratio": 7.5261874201293475,
  "best_energy_ratio": 7.526187420129347,
  "min_k": 1.4003499708443534,
  "max_k": 1.4615126063790287,
  "best_theta": [
    -0.027117867133174673,
    0.06666681725412742,
    0.0784863040726274,
    0.041776300900504645,
    0.014170468875916248,
    0.10860640987618901,
    0.18329382262547733,
    0.2187598204994115,
    0.3533675806371818,
    0.4514127030174299,
    0.503303905196984,
    0.5328881809865895
  ],
  "best_start_frac": 0.0,
  "n_piecewise_knots": 12
}