{
  "run_date": "2026-04-14",
  "seed_power_w": 200000000.0,
  "photon_energy_kev": 9.8,
  "resonant_k0": 1.4609796562635262,
  "no_taper_final_power_gw": 18.841341390557055,
  "best_iter": 39,
  "best_final_power_gw": 52.347969943949224,
  "best_power_ratio": 2.7783568515023616,
  "best_energy_ratio": 2.778356851502361,
  "min_k": 1.4300515361125998,
  "max_k": 1.4609796562635262,
  "best_theta": [
    -1.1240125894017352,
    0.06436973778486459,
    0.08317621151472483
  ]
}